Kompozice,Cena,Lokalita,Velikost,Velikost_s_jednotkou
2+kk,14500.0,"Hany Kvapilové, Ostrava - Mariánské Hory",49,49 m²
1+1,8500.0,"náměstí Antonie Bejdové, Ostrava - Poruba",38,38 m²
2+1,11780.0,"Horní, Ostrava - Hrabůvka",57,57 m²
2+1,11000.0,"Václava Košaře, Ostrava - Dubina",43,43 m²
3+1,12000.0,"Karola Šmidkeho, Ostrava - Poruba",62,62 m²
2+kk,10044.0,"Hlávkova, Ostrava - Přívoz",51,51 m²
2+1,12000.0,"Řecká, Ostrava - Poruba",43,43 m²
1+1,12000.0,"Ahepjukova, Ostrava - Moravská Ostrava",39,39 m²
2+kk,16000.0,"Hlavní třída, Ostrava - Poruba",59,59 m²
2+1,18500.0,"Svazácká, Ostrava - Zábřeh",51,51 m²
2+kk,11500.0,"Nádražní, Ostrava - Moravská Ostrava",48,48 m²
3+1,8516.0,"Svojsíkova, Ostrava - Poruba",67,67 m²
2+1,13000.0,"Bohumínská, Ostrava - Slezská Ostrava",53,53 m²
,5500.0,"Krásnopolská, Ostrava - Pustkovec",26,26 m²
2+kk,10900.0,"Korunní, Ostrava - Mariánské Hory",41,41 m²
2+1,11900.0,"Bohumínská, Ostrava - Slezská Ostrava",56,56 m²
4+1,22900.0,"Hlubočická, Vřesina",262,262 m²
3+kk,27900.0,"Krmelínská, Ostrava - Nová Bělá",85,85 m²
1+1,6900.0,"Markova, Ostrava - Zábřeh",31,31 m²
2+kk,11900.0,"Nová osada, Ostrava - Slezská Ostrava",42,42 m²
2+1,16000.0,"30. dubna, Ostrava - Moravská Ostrava",58,58 m²
2+1,9500.0,"Hudební, Ostrava - Mariánské Hory",39,39 m²
2+kk,15000.0,"30. dubna, Ostrava - Moravská Ostrava",48,48 m²
2+kk,15000.0,"30. dubna, Ostrava - Moravská Ostrava",52,52 m²
2+kk,18800.0,"Jantarová, Ostrava - Moravská Ostrava",53,53 m²
3+kk,26000.0,"F. X. Riepla, Ostrava - Moravská Ostrava",85,85 m²
2+1,13900.0,"Výškovická, Ostrava - Zábřeh",55,55 m²
1+kk,7900.0,"Výškovická, Ostrava - Výškovice",28,28 m²
2+1,11900.0,"Václava Košaře, Ostrava - Dubina",44,44 m²
2+1,10000.0,"Horní, Ostrava - Hrabůvka",50,50 m²
1+1,9300.0,"Volgogradská, Ostrava - Zábřeh",36,36 m²
2+1,9400.0,"Středoškolská, Ostrava - Zábřeh",45,45 m²
2+1,9900.0,"Krasnoarmejců, Ostrava - Zábřeh",50,50 m²
2+1,12300.0,"Mitušova, Ostrava - Hrabůvka",55,55 m²
2+1,10000.0,"Horní, Ostrava - Hrabůvka",50,50 m²
2+1,13500.0,"Hornopolní, Ostrava - Moravská Ostrava",60,60 m²
3+1,17000.0,"Lechowiczova, Ostrava - Moravská Ostrava",75,75 m²
2+kk,20000.0,"U Soudu, Ostrava - Poruba",41,41 m²
2+kk,11800.0,"28. října, Ostrava",40,40 m²
1+1,7900.0,"Mitušova, Ostrava - Hrabůvka",35,35 m²
3+1,15500.0,"Čujkovova, Ostrava - Zábřeh",70,70 m²
3+1,13500.0,"Opavská, Ostrava",75,75 m²
2+kk,14500.0,"Hany Kvapilové, Ostrava - Mariánské Hory",49,49 m²
1+1,10200.0,"Dr. Martínka, Ostrava - Hrabůvka",38,38 m²
1+kk,7700.0,"Petruškova, Ostrava - Zábřeh",27,27 m²
2+1,12900.0,"Josefa Skupy, Ostrava - Poruba",56,56 m²
2+kk,13000.0,"V Zátiší, Ostrava - Mariánské Hory",47,47 m²
2+kk,14400.0,"V Zátiší, Ostrava - Mariánské Hory",53,53 m²
1+1,11200.0,"Evžena Rošického, Ostrava - Svinov",37,37 m²
4+kk,25000.0,"Pavlovova, Ostrava - Zábřeh",100,100 m²
1+kk,7500.0,"Výškovická, Ostrava - Výškovice",27,27 m²
1+1,8500.0,"Korunní, Ostrava - Mariánské Hory",41,41 m²
2+kk,13000.0,"Palackého, Ostrava - Přívoz",53,53 m²
2+kk,12500.0,"Palackého, Ostrava - Přívoz",47,47 m²
2+1,10500.0,"Sokolská třída, Ostrava - Moravská Ostrava a Přívoz",56,56 m²
2+1,14000.0,"Jugoslávská, Ostrava - Zábřeh",61,61 m²
2+1,12000.0,"Sokolská třída, Ostrava - Moravská Ostrava",85,85 m²
1+kk,6500.0,"Krakovská, Ostrava - Hrabůvka",24,24 m²
3+1,15000.0,"Gen. Píky, Ostrava - Moravská Ostrava",76,76 m²
3+1,11000.0,"Jaromíra Matuška, Ostrava - Dubina",67,67 m²
1+1,11000.0,"Otakara Jeremiáše, Ostrava - Poruba",39,39 m²
2+kk,29900.0,"Důlní, Ostrava - Moravská Ostrava",60,60 m²
1+1,7830.0,"Spartakovců, Ostrava - Poruba",40,40 m²
2+kk,14500.0,"Hany Kvapilové, Ostrava - Mariánské Hory",49,49 m²
2+1,11000.0,"Alšovo náměstí, Ostrava - Poruba",55,55 m²
1+1,6000.0,"Nádražní, Ostrava - Moravská Ostrava",30,30 m²
3+kk,14500.0,"Mariánské náměstí, Ostrava - Mariánské Hory",83,83 m²
1+kk,12500.0,"28. října, Ostrava - Moravská Ostrava",30,30 m²
1+kk,8700.0,"Husova, Ostrava - Moravská Ostrava",29,29 m²
2+1,16500.0,"Jubilejní, Ostrava - Hrabůvka",56,56 m²
1+kk,7500.0,"Maroldova, Ostrava - Moravská Ostrava",29,29 m²
1+1,8000.0,Ostrava,49,49 m²
1+kk,6500.0,Ostrava - Hrabůvka,24,24 m²
1+1,10100.0,"Kasární, Ostrava - Slezská Ostrava",43,43 m²
2+1,15000.0,"Hlavní třída, Ostrava - Poruba",52,52 m²
2+1,14500.0,"Českobratrská, Ostrava - Moravská Ostrava",85,85 m²
4+kk,21900.0,"Sklářova, Ostrava - Muglinov",87,87 m²
2+kk,22000.0,"Na Františkově, Ostrava - Slezská Ostrava",60,60 m²
1+kk,12325.0,"Sklářova, Ostrava - Muglinov",39,39 m²
2+kk,15000.0,"Stavbařů, Ostrava - Hrabůvka",48,48 m²
1+1,9200.0,"Plzeňská, Ostrava - Zábřeh",45,45 m²
1+kk,7200.0,"Plzeňská, Ostrava - Zábřeh",22,22 m²
2+1,10500.0,"Závodní, Ostrava - Hrabůvka",50,50 m²
2+kk,15000.0,"Nejedlého, Ostrava - Slezská Ostrava",67,67 m²
3+1,10950.0,"Hlavní třída, Ostrava - Poruba",74,74 m²
2+1,9000.0,"Panelová, Ostrava - Poruba",51,51 m²
4+1,23600.0,"Přibylova, Ostrava - Kunčice",118,118 m²
3+1,10000.0,"Jaromíra Matuška, Ostrava - Dubina",69,69 m²
1+1,11500.0,"Lumírova, Ostrava - Výškovice",39,39 m²
3+1,18800.0,"Badatelů, Ostrava - Poruba",65,65 m²
2+kk,10000.0,"Španielova, Ostrava - Poruba",43,43 m²
3+1,15500.0,"Emanuela Podgorného, Ostrava - Dubina",71,71 m²
2+kk,13000.0,"Nádražní, Ostrava - Moravská Ostrava",60,60 m²
3+kk,49000.0,"Křižíkova, Ostrava - Moravská Ostrava",68,68 m²
4+kk,25000.0,"Pavlovova, Ostrava - Zábřeh",102,102 m²
2+1,16000.0,"Jubilejní, Ostrava - Hrabůvka",49,49 m²
3+1,11500.0,"Na Vyhlídce, Vratimov",86,86 m²
1+1,10990.0,"Klegova, Ostrava - Hrabůvka",38,38 m²
1+1,10000.0,"Čujkovova, Ostrava - Zábřeh",29,29 m²
1+1,7580.0,"Jana Ziky, Ostrava - Poruba",38,38 m²
5+1,32000.0,"Sadová, Ostrava - Moravská Ostrava",117,117 m²
2+kk,14500.0,"Hany Kvapilové, Ostrava - Mariánské Hory",49,49 m²
2+kk,14500.0,"Hany Kvapilové, Ostrava - Mariánské Hory",49,49 m²
2+kk,10000.0,"Alšovo náměstí, Ostrava - Poruba",57,57 m²
4+kk,29000.0,"Jubilejní, Ostrava - Hrabůvka",100,100 m²
2+1,11150.0,"Komenského, Ostrava - Poruba",56,56 m²
3+kk,14000.0,"náměstí Družby, Ostrava - Poruba",60,60 m²
1+1,10900.0,"Komenského, Ostrava - Poruba",33,33 m²
3+1,11500.0,"Opavská, Ostrava",74,74 m²
1+kk,8900.0,"Průkopnická, Ostrava - Zábřeh",32,32 m²
2+1,12800.0,"Nálepkova, Ostrava - Poruba",54,54 m²
3+1,18000.0,"Aviatiků, Ostrava - Hrabůvka",80,80 m²
3+kk,32000.0,"F. X. Riepla, Ostrava - Moravská Ostrava",79,79 m²
2+1,10100.0,"Vlasty Vlasákové, Ostrava - Bělský Les",44,44 m²
2+kk,22000.0,Ostrava,60,60 m²
2+kk,26500.0,"Jantarová, Ostrava - Moravská Ostrava",70,70 m²
2+1,14700.0,"Bohumínská, Ostrava - Slezská Ostrava",56,56 m²
3+1,15200.0,"Dr. Martínka, Ostrava - Hrabůvka",63,63 m²
3+1,12000.0,"Svornosti, Ostrava - Zábřeh",65,65 m²
2+1,10000.0,"Stavbařů, Ostrava - Hrabůvka",53,53 m²
3+1,14100.0,"Karla Pokorného, Ostrava - Poruba",71,71 m²
2+kk,7550.0,"Adamusova, Ostrava - Hrabůvka",36,36 m²
1+1,8900.0,Ostrava,50,50 m²
2+1,10500.0,"Mariánskohorská, Ostrava - Moravská Ostrava a Přívoz",65,65 m²
1+kk,6500.0,"Krakovská, Ostrava - Hrabůvka",24,24 m²
1+kk,5400.0,"Jílová, Ostrava - Moravská Ostrava",35,35 m²
2+kk,14500.0,"Hany Kvapilové, Ostrava - Mariánské Hory",49,49 m²
3+1,16000.0,"Alžírská, Ostrava - Poruba",69,69 m²
3+kk,14000.0,"Hornická, Ostrava - Moravská Ostrava",57,57 m²
2+1,9000.0,"Olbrachtova, Ostrava - Slezská Ostrava",68,68 m²
1+kk,6990.0,"Ráčkova, Ostrava",32,32 m²
1+kk,9200.0,"Horní, Ostrava - Bělský Les",34,34 m²
2+1,13500.0,"Bohumínská, Ostrava - Slezská Ostrava",54,54 m²
3+1,13500.0,"Hlavní třída, Ostrava - Poruba",80,80 m²
2+1,13101.0,"Starobělská, Ostrava - Zábřeh",40,40 m²
1+1,,"Tovární, Ostrava - Mariánské Hory",58,58 m²
2+1,13500.0,"Dr. Martínka, Ostrava - Hrabůvka",51,51 m²
2+kk,12932.0,"Lidická, Ostrava - Vítkovice",50,50 m²
2+1,13000.0,"Janáčkova, Ostrava - Moravská Ostrava",60,60 m²
2+kk,12900.0,"S. K. Neumanna, Ostrava - Moravská Ostrava",50,50 m²
2+kk,18000.0,"U Soudu, Ostrava - Poruba",49,49 m²
2+1,9000.0,"Dvouletky, Ostrava - Hrabůvka",53,53 m²
4+kk,33000.0,"Heřmánková, Ostrava - Heřmanice",93,93 m²
2+kk,19900.0,"Keltičkova, Ostrava - Slezská Ostrava",70,70 m²
3+kk,24500.0,"Keltičkova, Ostrava - Slezská Ostrava",77,77 m²
1+1,9300.0,"Čs. exilu, Ostrava - Poruba",58,58 m²
2+1,10000.0,"Vdovská, Ostrava - Muglinov",54,54 m²
2+1,10650.0,"Svazácká, Ostrava - Zábřeh",50,50 m²
3+kk,19900.0,"Slavníkovců, Ostrava - Mariánské Hory",86,86 m²
2+1,9000.0,"Slepá, Ostrava - Poruba",55,55 m²
2+kk,19500.0,"Jantarová, Ostrava - Moravská Ostrava",60,60 m²
2+1,13500.0,"Oblá, Ostrava - Mariánské Hory",81,81 m²
2+kk,19000.0,"Jantarová, Ostrava - Moravská Ostrava",54,54 m²
2+1,11800.0,"Bohumínská, Ostrava - Slezská Ostrava",56,56 m²
3+1,16500.0,"Bohumínská, Ostrava - Slezská Ostrava",65,65 m²
1+1,4990.0,"Arbesova, Ostrava - Přívoz",34,34 m²
1+1,9000.0,"Franklinova, Ostrava - Vítkovice",38,38 m²
1+1,14000.0,"Varenská, Ostrava - Moravská Ostrava",38,38 m²
2+1,8332.0,"Otakara Jeremiáše, Ostrava - Poruba",57,57 m²
1+kk,6500.0,"Krakovská, Ostrava - Hrabůvka",24,24 m²
1+1,8000.0,"Korunní, Ostrava - Mariánské Hory",49,49 m²
1+1,9500.0,"Nádražní, Ostrava - Moravská Ostrava",49,49 m²
1+1,11000.0,"Alšovo náměstí, Ostrava - Poruba",38,38 m²
1+kk,9000.0,"Cihelní, Ostrava - Moravská Ostrava",20,20 m²
4+kk,14000.0,"Veleslavínova, Ostrava - Moravská Ostrava",65,65 m²
2+kk,13000.0,"Cihelní, Ostrava - Moravská Ostrava",57,57 m²
1+kk,6500.0,"Krakovská, Ostrava - Hrabůvka",28,28 m²
2+kk,8000.0,"Korunní, Ostrava - Mariánské Hory",49,49 m²
2+1,10650.0,"Svazácká, Ostrava - Zábřeh",50,50 m²
1+kk,12000.0,"Kamenná, Ostrava - Martinov",34,34 m²
3+1,15500.0,"Svornosti, Ostrava - Ostrava-Jih",73,73 m²
3+kk,15000.0,"U Parku, Ostrava - Moravská Ostrava",83,83 m²
2+1,12990.0,"Volgogradská, Ostrava - Zábřeh",53,53 m²
3+kk,15500.0,"Dvořákova, Ostrava - Moravská Ostrava",66,66 m²
,8000.0,"Nádražní, Ostrava - Moravská Ostrava a Přívoz",18,18 m²
3+1,12000.0,"Želazného, Ostrava - Muglinov",73,73 m²
4+1,15000.0,"Zámecká, Ostrava - Moravská Ostrava",125,125 m²
3+1,13800.0,"Ivana Sekaniny, Ostrava - Poruba",72,72 m²
2+1,12500.0,"Sologubova, Ostrava - Zábřeh",49,49 m²
3+1,13900.0,"Josefa Skupy, Ostrava - Poruba",68,68 m²
3+1,16000.0,"Bieblova, Ostrava - Moravská Ostrava",78,78 m²
3+1,15000.0,"Jindřichova, Ostrava - Moravská Ostrava",97,97 m²
2+kk,9500.0,"Vršovců, Ostrava - Mariánské Hory",27,27 m²
2+1,12500.0,"nábřeží Svazu protifašistických bojovníků, Ostrava - Poruba",57,57 m²
2+1,8700.0,"Opavská, Ostrava - Poruba",44,44 m²
2+1,10000.0,"Odborářská, Ostrava - Hrabůvka",50,50 m²
3+1,12000.0,"Svojsíkova, Ostrava - Poruba",64,64 m²
4+kk,18300.0,"Nivnická, Ostrava - Mariánské Hory",95,95 m²
2+kk,10500.0,"Husova, Ostrava - Moravská Ostrava",42,42 m²
2+kk,14500.0,"Hany Kvapilové, Ostrava - Mariánské Hory",49,49 m²
2+1,11900.0,"Alberta Kučery, Ostrava - Hrabůvka",59,59 m²
2+kk,9000.0,"Halasova, Ostrava - Vítkovice",60,60 m²
1+kk,5800.0,"Nádražní, Ostrava - Přívoz",28,28 m²
2+kk,19500.0,"náměstí Biskupa Bruna, Ostrava - Moravská Ostrava",58,58 m²
3+1,12000.0,"Patrice Lumumby, Ostrava - Zábřeh",59,59 m²
3+kk,20000.0,"Jindřichova, Ostrava - Moravská Ostrava",66,66 m²
2+1,9000.0,"Opavská, Ostrava - Poruba",55,55 m²
1+1,7400.0,"Josefa Brabce, Ostrava - Moravská Ostrava",41,41 m²
3+kk,15000.0,"Oblá, Ostrava - Mariánské Hory",70,70 m²
1+1,7500.0,"Senovážná, Ostrava - Moravská Ostrava",32,32 m²
3+kk,17600.0,"Lidická, Ostrava - Vítkovice",73,73 m²
2+1,9900.0,"Josefa Skupy, Ostrava - Poruba",56,56 m²
3+1,13900.0,"Josefa Skupy, Ostrava - Poruba",68,68 m²
2+kk,12000.0,"Petra Křičky, Ostrava - Moravská Ostrava",50,50 m²
3+kk,19000.0,"Hasičská, Ostrava - Hrabůvka",75,75 m²
4+1,19500.0,"Zelená, Ostrava",84,84 m²
2+1,12000.0,"Okružní, Vratimov",47,47 m²
3+1,10500.0,"Ivana Sekaniny, Ostrava - Poruba",72,72 m²
3+1,16000.0,"Pavlouskova, Ostrava - Poruba",67,67 m²
1+1,12109.0,"Na Fojtství, Ostrava - Hrabůvka",45,45 m²
2+kk,14500.0,"Hany Kvapilové, Ostrava - Mariánské Hory",49,49 m²
2+kk,29000.0,"Dlouhá, Ostrava - Moravská Ostrava",72,72 m²
4+kk,55000.0,"Keltičkova, Ostrava - Slezská Ostrava",145,145 m²
1+1,8900.0,"Solná, Ostrava - Moravská Ostrava",28,28 m²
3+1,14500.0,"Hlavní třída, Ostrava - Poruba",85,85 m²
3+kk,39000.0,"Blahoslavova, Ostrava - Moravská Ostrava",145,145 m²
4+kk,,"Biskupská, Ostrava - Moravská Ostrava",96,96 m²
2+1,8800.0,"Sarajevova, Ostrava - Zábřeh",48,48 m²
1+1,9000.0,"Svojsíkova, Ostrava - Poruba",27,27 m²
3+1,13000.0,"Zelená, Ostrava - Moravská Ostrava",62,62 m²
3+1,13500.0,"Lechowiczova, Ostrava - Moravská Ostrava",70,70 m²
3+1,11900.0,"Mozartova, Ostrava - Zábřeh",60,60 m²
2+1,12600.0,"Bohumínská, Ostrava - Slezská Ostrava",54,54 m²
3+kk,16439.0,"Špálova, Ostrava - Přívoz",96,96 m²
2+kk,12500.0,"Slavíkova, Ostrava - Poruba",37,37 m²
2+1,14118.0,"Mánesova, Ostrava - Moravská Ostrava",54,54 m²
2+1,10000.0,"Jana Maluchy, Ostrava - Dubina",40,40 m²
3+kk,15100.0,"Hlučínská, Ostrava",120,120 m²
1+kk,8000.0,"Španielova, Ostrava - Poruba",21,21 m²
3+kk,16000.0,"Obytná, Ostrava - Vítkovice",65,65 m²
1+1,13000.0,"Obytná, Ostrava - Vítkovice",50,50 m²
2+kk,14500.0,"Hany Kvapilové, Ostrava - Mariánské Hory",49,49 m²
2+kk,14000.0,"Obytná, Ostrava - Vítkovice",53,53 m²
2+1,10100.0,"Václava Jiřikovského, Ostrava - Dubina",44,44 m²
5+kk,33050.0,"30. dubna, Ostrava - Moravská Ostrava",147,147 m²
1+1,11200.0,"Nádražní, Ostrava",30,30 m²
1+kk,11000.0,"Plk. Rajmunda Prchaly, Ostrava",30,30 m²
2+1,12000.0,"Nádražní, Ostrava - Moravská Ostrava",86,86 m²
2+1,12900.0,"Francouzská, Ostrava - Poruba",54,54 m²
1+kk,7200.0,"Plzeňská, Ostrava - Zábřeh",23,23 m²
1+1,9125.0,"Vincence Makovského, Ostrava - Poruba",38,38 m²
3+1,23000.0,"Nádražní, Ostrava - Moravská Ostrava",69,69 m²
1+1,8900.0,"Mariánskohorská, Ostrava - Moravská Ostrava a Přívoz",39,39 m²
1+kk,7900.0,"Mariánskohorská, Ostrava - Moravská Ostrava a Přívoz",26,26 m²
2+kk,6900.0,"Nádražní, Ostrava - Přívoz",39,39 m²
1+kk,9000.0,"Porubská, Ostrava - Poruba",35,35 m²
1+1,8800.0,"Erbenova, Ostrava - Vítkovice",55,55 m²
2+1,9500.0,"Erbenova, Ostrava - Vítkovice",70,70 m²
1+1,11500.0,"Josefa Brabce, Ostrava - Moravská Ostrava",35,35 m²
3+1,14000.0,"Žofinská, Ostrava - Moravská Ostrava",119,119 m²
1+1,11500.0,"Františka Čechury, Ostrava - Poruba",32,32 m²
2+kk,10900.0,"Vršovců, Ostrava - Mariánské Hory",50,50 m²
2+kk,14500.0,"Hany Kvapilové, Ostrava - Mariánské Hory",49,49 m²
2+1,12000.0,"Markova, Ostrava - Zábřeh",45,45 m²
2+kk,20000.0,"Jantarová, Ostrava - Moravská Ostrava",59,59 m²
2+1,7480.0,"Sokolovská, Ostrava - Poruba",62,62 m²
1+kk,11800.0,"30. dubna, Ostrava - Moravská Ostrava",30,30 m²
1+1,9350.0,"Polská, Ostrava - Poruba",28,28 m²
3+1,22900.0,"Zborovská, Ostrava - Moravská Ostrava",96,96 m²
3+1,23000.0,"Jana Maluchy, Ostrava - Dubina",79,79 m²
3+1,15000.0,"Jana Maluchy, Ostrava - Dubina",73,73 m²
2+kk,15500.0,"Horní, Ostrava - Bělský Les",57,57 m²
2+1,14000.0,"Sokolská třída, Ostrava - Moravská Ostrava",56,56 m²
2+kk,13500.0,Ostrava - Mariánské Hory,46,46 m²
3+kk,30000.0,"F. X. Riepla, Ostrava - Moravská Ostrava",88,88 m²
4+kk,43000.0,"Důlní, Ostrava - Moravská Ostrava",128,128 m²
2+1,12000.0,"Podroužkova, Ostrava - Poruba",47,47 m²
3+1,15000.0,"Proskovická, Ostrava - Výškovice",66,66 m²
1+kk,9000.0,"Podroužkova, Ostrava - Poruba",27,27 m²
2+kk,13000.0,"Josefa Skupy, Ostrava - Poruba",50,50 m²
3+kk,19000.0,"Sadová, Ostrava - Moravská Ostrava",81,81 m²
1+1,6500.0,"Kašparova, Ostrava - Hrabůvka",25,25 m²
1+1,8000.0,"Josefa Brabce, Ostrava - Moravská Ostrava",34,34 m²
2+kk,14500.0,"Hany Kvapilové, Ostrava - Mariánské Hory",49,49 m²
1+1,8900.0,"Výškovická, Ostrava - Zábřeh",36,36 m²
3+1,13000.0,"Badatelů, Ostrava - Poruba",68,68 m²
3+kk,28000.0,"Důlní, Ostrava - Moravská Ostrava",79,79 m²
2+kk,15000.0,"V Zátiší, Ostrava - Mariánské Hory",48,48 m²
2+1,13000.0,"Průběžná, Ostrava - Poruba",44,44 m²
4+1,17000.0,"Mánesova, Ostrava - Moravská Ostrava",84,84 m²
3+1,13600.0,"Aloise Gavlase, Ostrava - Dubina",68,68 m²
1+1,9900.0,"Marty Krásové, Ostrava - Poruba",40,40 m²
1+1,8990.0,"Cihelní, Ostrava - Moravská Ostrava",26,26 m²
2+kk,6500.0,"Adamusova, Ostrava - Hrabůvka",36,36 m²
2+1,13500.0,"Opavská, Ostrava",60,60 m²
2+kk,15000.0,"Michálkovická, Ostrava - Slezská Ostrava",55,55 m²
2+1,10900.0,"Ivana Sekaniny, Ostrava - Poruba",49,49 m²
1+1,9400.0,"Výškovická, Ostrava - Výškovice",39,39 m²
2+1,10000.0,"Vlasty Vlasákové, Ostrava - Bělský Les",44,44 m²
1+1,9500.0,"Vršovců, Ostrava - Mariánské Hory",30,30 m²
1+1,8500.0,"Průběžná, Ostrava - Poruba",27,27 m²
1+1,9800.0,"Pavlovova, Ostrava - Zábřeh",40,40 m²
2+kk,13000.0,"Žilinská, Ostrava - Poruba",54,54 m²
1+1,7500.0,"Erbenova, Ostrava - Vítkovice",35,35 m²
2+1,10800.0,"Spojů, Ostrava - Poruba",62,62 m²
1+kk,7200.0,Ostrava - Zábřeh,22,22 m²
1+1,9200.0,Ostrava - Zábřeh,45,45 m²
2+kk,16347.0,"Lidická, Ostrava - Vítkovice",44,44 m²
1+kk,9000.0,"Krasnoarmejců, Ostrava - Zábřeh",22,22 m²
2+1,8500.0,"Gajdošova, Ostrava - Moravská Ostrava",53,53 m²
3+kk,16000.0,"Michálkovická, Ostrava - Slezská Ostrava",84,84 m²
3+1,16500.0,"Michálkovická, Ostrava - Slezská Ostrava",115,115 m²
3+1,15000.0,"Mojmírovců, Ostrava - Mariánské Hory",66,66 m²
2+kk,9500.0,"Mojmírovců, Ostrava - Mariánské Hory",48,48 m²
3+1,15000.0,"Bedrnova, Ostrava - Zábřeh",73,73 m²
2+1,16000.0,"Poštovní, Ostrava - Moravská Ostrava",69,69 m²
2+1,13000.0,"Mitušova, Ostrava - Hrabůvka",54,54 m²
2+kk,12000.0,Ostrava - Přívoz,43,43 m²
1+kk,9000.0,"Palackého, Ostrava - Přívoz",29,29 m²
5+1,14990.0,"28. října, Ostrava",125,125 m²
4+kk,39000.0,"náměstí Biskupa Bruna, Ostrava - Moravská Ostrava",109,109 m²
3+kk,32000.0,"Dlouhá, Ostrava - Moravská Ostrava",90,90 m²
1+1,8200.0,"Přemyslovců, Ostrava - Mariánské Hory",32,32 m²
2+1,12000.0,"Jana Ziky, Ostrava - Poruba",58,58 m²
2+1,11450.0,"Porubská, Ostrava - Poruba",55,55 m²
2+kk,14500.0,"Hany Kvapilové, Ostrava - Mariánské Hory",49,49 m²
2+1,10850.0,"Bohuslava Martinů, Ostrava - Poruba",54,54 m²
2+1,9950.0,"Havanská, Ostrava - Poruba",55,55 m²
2+1,10250.0,"Hlavní třída, Ostrava - Poruba",53,53 m²
2+1,11300.0,"Hlavní třída, Ostrava - Poruba",55,55 m²
2+1,11650.0,"náměstí Boženy Němcové, Ostrava - Poruba",67,67 m²
2+1,11200.0,"Gustava Klimenta, Ostrava - Poruba",58,58 m²
2+1,10100.0,"Porubská, Ostrava - Poruba",49,49 m²
2+kk,8950.0,"Zvoníčkova, Ostrava - Michálkovice",50,50 m²
2+1,10250.0,"Gajdošova, Ostrava - Moravská Ostrava",56,56 m²
1+1,8900.0,"Preslova, Ostrava - Moravská Ostrava",29,29 m²
1+1,9650.0,"Veverkova, Ostrava - Hrabůvka",39,39 m²
2+1,10850.0,"Přemyslovců, Ostrava - Mariánské Hory",59,59 m²
1+1,9550.0,"Dvořákova, Ostrava - Moravská Ostrava",38,38 m²
3+1,14750.0,"Na Bělidle, Ostrava - Moravská Ostrava",75,75 m²
2+kk,10050.0,"Štěpničkova, Ostrava - Michálkovice",48,48 m²
2+1,10800.0,"Čs. exilu, Ostrava - Poruba",55,55 m²
4+1,11550.0,"Komenského, Ostrava - Poruba",92,92 m²
3+1,13000.0,"náměstí Vítězslava Nováka, Ostrava - Poruba",76,76 m²
3+1,12600.0,"Opavská, Ostrava - Poruba",73,73 m²
2+kk,10250.0,"Výhradní, Ostrava - Kunčičky",47,47 m²
2+kk,14500.0,"Hany Kvapilové, Ostrava - Mariánské Hory",49,49 m²
2+1,10700.0,"Havanská, Ostrava - Poruba",54,54 m²
2+kk,9550.0,"Pavlouskova, Ostrava - Poruba",47,47 m²
2+1,11400.0,"Gregorova, Ostrava - Moravská Ostrava",66,66 m²
2+1,8350.0,"Zemanská, Ostrava - Muglinov",50,50 m²
1+1,8800.0,"Myslbekova, Ostrava - Moravská Ostrava",32,32 m²
2+kk,10250.0,"Sokolská třída, Ostrava - Moravská Ostrava",55,55 m²
3+1,12700.0,"17. listopadu, Ostrava - Poruba",79,79 m²
2+1,11600.0,"Hrušovská, Ostrava - Moravská Ostrava",90,90 m²
2+1,9900.0,"Na Jízdárně, Ostrava - Moravská Ostrava",53,53 m²
1+1,8900.0,"Čs. exilu, Ostrava - Poruba",36,36 m²
1+1,8600.0,"Preslova, Ostrava - Moravská Ostrava",27,27 m²
2+1,10000.0,"Asejevova, Ostrava - Zábřeh",48,48 m²
1+1,9650.0,"Matěje Kopeckého, Ostrava - Poruba",38,38 m²
2+kk,9000.0,"Dělnická, Ostrava - Poruba",38,38 m²
2+1,9950.0,"Zelená, Ostrava - Moravská Ostrava",48,48 m²
2+1,10250.0,"Zborovská, Ostrava - Moravská Ostrava",58,58 m²
3+kk,11900.0,"Hlavní třída, Ostrava - Poruba",54,54 m²
2+1,9850.0,"Havanská, Ostrava - Poruba",54,54 m²
1+kk,7000.0,"Francouzská, Ostrava - Poruba",23,23 m²
2+1,11400.0,"náměstí Jana Nerudy, Ostrava - Poruba",53,53 m²
2+1,10500.0,"Komenského, Ostrava - Poruba",56,56 m²
3+1,13500.0,"Petruškova, Ostrava - Zábřeh",65,65 m²
2+kk,9350.0,"Budovatelská, Ostrava - Poruba",41,41 m²
2+kk,9500.0,"Dělnická, Ostrava - Poruba",38,38 m²
2+1,11500.0,"Bohuslava Martinů, Ostrava - Poruba",54,54 m²
3+1,12350.0,"náměstí Jana Nerudy, Ostrava - Poruba",75,75 m²
3+kk,16000.0,"Porubská, Ostrava - Poruba",63,63 m²
2+1,11400.0,"Porubská, Ostrava - Poruba",58,58 m²
2+kk,13950.0,"Komenského, Ostrava - Poruba",45,45 m²
2+1,10700.0,"Havanská, Ostrava - Poruba",55,55 m²
3+1,13990.0,"Zborovská, Ostrava - Moravská Ostrava",85,85 m²
3+1,18000.0,Horní Lhota,73,73 m²
1+1,16500.0,"Vojanova, Ostrava - Moravská Ostrava",39,39 m²
1+kk,14500.0,"Vojanova, Ostrava - Moravská Ostrava",28,28 m²
2+kk,17000.0,"Vojanova, Ostrava - Moravská Ostrava",83,83 m²
3+1,13368.0,"Lechowiczova, Ostrava - Moravská Ostrava",70,70 m²
3+1,15000.0,"Vlčkova, Ostrava - Slezská Ostrava",122,122 m²
2+kk,18000.0,"Bajgarova, Ostrava - Krásné Pole",77,77 m²
2+1,13000.0,"Cihelní, Ostrava - Moravská Ostrava",57,57 m²
2+1,10700.0,"Svazácká, Ostrava - Zábřeh",51,51 m²
1+kk,7500.0,"Výškovická, Ostrava - Výškovice",28,28 m²
3+1,10500.0,"Čkalovova, Ostrava - Poruba",85,85 m²
2+1,11150.0,"Komenského, Ostrava - Poruba",56,56 m²
3+1,14823.0,"Jičínská, Ostrava - Výškovice",78,78 m²
1+1,7350.0,"Michálkovická, Ostrava - Slezská Ostrava",31,31 m²
4+1,10650.0,"Olešní, Ostrava - Muglinov",71,71 m²
1+1,7300.0,"Bořivojova, Ostrava - Kunčičky",49,49 m²
2+1,15000.0,"Frýdecká, Vratimov",61,61 m²
3+1,12000.0,"Hornická, Ostrava - Moravská Ostrava",71,71 m²
2+1,11150.0,"Francouzská, Ostrava - Poruba",52,52 m²
2+kk,11500.0,"Zárubecká, Ostrava - Slezská Ostrava",51,51 m²
1+1,9600.0,"Zárubecká, Ostrava - Slezská Ostrava",45,45 m²
2+1,10000.0,"Matěje Kopeckého, Ostrava - Poruba",54,54 m²
3+1,13850.0,"Petruškova, Ostrava - Zábřeh",66,66 m²
2+1,12850.0,"Jičínská, Ostrava - Výškovice",58,58 m²
3+1,13300.0,"Horní, Ostrava - Hrabůvka",76,76 m²
3+1,13250.0,"Alšova, Ostrava - Poruba",86,86 m²
3+kk,8900.0,"Pastrňákova, Ostrava - Radvanice",74,74 m²
3+kk,12750.0,"Nádražní, Ostrava - Moravská Ostrava",69,69 m²
1+1,13000.0,"Erbenova, Ostrava - Vítkovice",45,45 m²
2+1,10450.0,"Hlavní třída, Ostrava - Poruba",59,59 m²
2+1,11250.0,"Havlíčkovo náměstí, Ostrava - Poruba",64,64 m²
2+kk,14500.0,"Hany Kvapilové, Ostrava - Mariánské Hory",49,49 m²
2+kk,9500.0,"U Kříže, Ostrava - Michálkovice",54,54 m²
2+1,10250.0,"Hlavní třída, Ostrava - Poruba",69,69 m²
3+kk,27000.0,"F. X. Riepla, Ostrava",85,85 m²
1+1,6350.0,"Ráčkova, Ostrava - Radvanice",36,36 m²
2+1,12550.0,"Slámova, Ostrava - Michálkovice",63,63 m²
1+1,9200.0,"Svazácká, Ostrava - Zábřeh",30,30 m²
3+1,13050.0,"Plavecká, Ostrava - Hrabůvka",67,67 m²
3+1,13950.0,"17. listopadu, Ostrava - Poruba",79,79 m²
2+1,10800.0,"náměstí Jana Nerudy, Ostrava - Poruba",53,53 m²
1+1,9750.0,"Matěje Kopeckého, Ostrava - Poruba",38,38 m²
1+1,9100.0,"Čs. exilu, Ostrava - Poruba",36,36 m²
1+1,7650.0,"Pavlovova, Ostrava - Zábřeh",27,27 m²
2+1,10050.0,"Porubská, Ostrava - Poruba",47,47 m²
2+1,10900.0,"náměstí Jiřího Myrona, Ostrava - Moravská Ostrava",56,56 m²
2+1,10250.0,"Zelená, Ostrava - Mariánské Hory",56,56 m²
3+kk,12200.0,"Slámova, Ostrava - Michálkovice",66,66 m²
4+1,10650.0,"Olešní, Ostrava - Muglinov",69,69 m²
2+1,10950.0,"Havlíčkovo náměstí, Ostrava - Poruba",59,59 m²
2+kk,9500.0,"17. listopadu, Ostrava - Poruba",38,38 m²
2+1,9650.0,"Porubská, Ostrava - Poruba",48,48 m²
2+kk,14500.0,"Hany Kvapilové, Ostrava - Mariánské Hory",49,49 m²
3+1,12150.0,"náměstí Jana Nerudy, Ostrava - Poruba",76,76 m²
2+kk,10150.0,"Výhradní, Ostrava - Kunčičky",46,46 m²
2+1,15000.0,"Sokolská třída, Ostrava - Moravská Ostrava",52,52 m²
3+1,12300.0,"Bohuslava Martinů, Ostrava - Poruba",73,73 m²
2+1,10800.0,"Čs. exilu, Ostrava - Poruba",58,58 m²
3+1,19900.0,"Švédská, Ostrava - Muglinov",69,69 m²
2+kk,8900.0,"Alšova, Ostrava - Poruba",39,39 m²
1+kk,9000.0,"Lumírova, Ostrava - Výškovice",27,27 m²
2+1,16000.0,"Kašparova, Ostrava - Hrabůvka",60,60 m²
2+1,11350.0,"Francouzská, Ostrava - Poruba",53,53 m²
1+1,8500.0,"Alžírská, Ostrava - Poruba",28,28 m²
3+1,16000.0,"Karla Pokorného, Ostrava - Poruba",80,80 m²
2+kk,15000.0,"Chocholouškova, Ostrava - Moravská Ostrava",85,85 m²
2+1,8800.0,"Župní, Ostrava - Michálkovice",58,58 m²
2+1,9800.0,"Hlavní třída, Ostrava - Poruba",54,54 m²
2+1,10450.0,"Alšova, Ostrava - Poruba",58,58 m²
2+1,10800.0,"Gregorova, Ostrava - Moravská Ostrava",57,57 m²
2+kk,12973.0,"Lidická, Ostrava - Vítkovice",50,50 m²
3+1,11850.0,"17. listopadu, Ostrava - Poruba",74,74 m²
2+kk,9500.0,"Masarykovo náměstí, Ostrava - Moravská Ostrava",58,58 m²
2+1,9950.0,"Zelená, Ostrava - Moravská Ostrava",48,48 m²
2+1,14900.0,"Varenská, Ostrava - Moravská Ostrava",60,60 m²
2+1,11250.0,"U Jana, Ostrava - Petřkovice",62,62 m²
2+1,10250.0,"Tovární, Ostrava - Mariánské Hory",50,50 m²
2+1,10150.0,"Mojmírovců, Ostrava - Mariánské Hory",55,55 m²
2+1,11000.0,"Hlavní třída, Ostrava - Poruba",66,66 m²
2+1,10800.0,"Spojů, Ostrava - Poruba",62,62 m²
1+1,9500.0,"Školní, Ostrava - Poruba",37,37 m²
4+1,16900.0,"Hlavní třída, Ostrava - Poruba",134,134 m²
3+1,12250.0,"Krasnoarmejců, Ostrava - Zábřeh",68,68 m²
2+1,10750.0,"17. listopadu, Ostrava - Poruba",64,64 m²
2+1,10500.0,"Sokolská třída, Ostrava - Moravská Ostrava",57,57 m²
3+1,18000.0,"Verdunská, Ostrava - Moravská Ostrava",100,100 m²
1+1,9300.0,"Marty Krásové, Ostrava - Poruba",37,37 m²
1+kk,8900.0,"Čujkovova, Ostrava - Zábřeh",28,28 m²
4+1,13650.0,"Alšova, Ostrava - Poruba",84,84 m²
2+kk,11000.0,"U Sportoviště, Ostrava - Poruba",51,51 m²
3+1,13900.0,"Josefa Skupy, Ostrava - Poruba",68,68 m²
2+1,11050.0,"Dr. Malého, Ostrava - Moravská Ostrava",56,56 m²
2+1,12500.0,"Verdunská, Ostrava - Moravská Ostrava",77,77 m²
3+1,11750.0,"Zelená, Ostrava - Mariánské Hory",73,73 m²
3+1,11300.0,"Opavská, Ostrava - Poruba",98,98 m²
1+1,8750.0,"náměstí Jana Nerudy, Ostrava - Poruba",38,38 m²
2+1,10500.0,"Nálepkova, Ostrava - Poruba",59,59 m²
2+1,11150.0,"Hlavní třída, Ostrava - Poruba",79,79 m²
2+1,10650.0,"Čs. exilu, Ostrava - Poruba",57,57 m²
2+1,9650.0,"Na Jízdárně, Ostrava - Moravská Ostrava",50,50 m²
1+1,9650.0,"náměstí Vítězslava Nováka, Ostrava - Poruba",37,37 m²
1+1,9850.0,"Srbská, Ostrava - Výškovice",37,37 m²
2+1,11000.0,"Josefa Kotase, Ostrava - Hrabůvka",53,53 m²
3+1,12850.0,"Hlavní třída, Ostrava - Poruba",95,95 m²
3+1,12700.0,"Jilemnického náměstí, Ostrava - Poruba",70,70 m²
1+1,8800.0,"Podzámčí, Ostrava - Slezská Ostrava",30,30 m²
3+1,11837.0,"Aleše Hrdličky, Ostrava - Poruba",62,62 m²
3+1,12500.0,"Matěje Kopeckého, Ostrava - Poruba",80,80 m²
2+1,9950.0,"Porubská, Ostrava - Poruba",48,48 m²
2+1,10500.0,"Komenského, Ostrava - Poruba",56,56 m²
2+kk,10700.0,"Sokolská třída, Ostrava - Moravská Ostrava",52,52 m²
3+kk,20500.0,"Vítězná, Ostrava - Moravská Ostrava",60,60 m²
3+1,13600.0,"Výškovická, Ostrava - Výškovice",68,68 m²
3+1,11400.0,"17. listopadu, Ostrava - Poruba",74,74 m²
3+kk,14600.0,"Hlavní třída, Ostrava - Poruba",90,90 m²
2+kk,14500.0,"Hany Kvapilové, Ostrava - Mariánské Hory",49,49 m²
1+kk,6800.0,"Křišťanova, Ostrava - Přívoz",33,33 m²
3+1,14500.0,"Lechowiczova, Ostrava - Moravská Ostrava",66,66 m²
3+1,11950.0,"Přemyslovců, Ostrava - Mariánské Hory",77,77 m²
2+1,12500.0,"Bohumíra Četyny, Ostrava - Bělský Les",46,46 m²
1+1,7800.0,"Michálkovická, Ostrava - Slezská Ostrava",35,35 m²
3+1,14450.0,"Šeříková, Ostrava - Výškovice",71,71 m²
3+1,18000.0,"Marty Krásové, Ostrava - Poruba",75,75 m²
1+kk,,"Hasičská, Ostrava - Hrabůvka",33,33 m²
2+1,25000.0,"Vojanova, Ostrava - Moravská Ostrava",100,100 m²
2+kk,14000.0,"Fügnerova, Ostrava - Přívoz",60,60 m²
3+kk,16500.0,"Zámecká, Ostrava - Moravská Ostrava",72,72 m²
2+kk,10900.0,"Hlavní třída, Ostrava - Poruba",93,93 m²
1+1,8150.0,"Pavlovova, Ostrava - Zábřeh",27,27 m²
2+1,11000.0,"28. října, Ostrava - Moravská Ostrava",76,76 m²
2+1,10500.0,"Nádražní, Ostrava - Moravská Ostrava",54,54 m²
3+1,14000.0,"Kutuzovova, Ostrava - Vítkovice",88,88 m²
3+1,11450.0,"Gajdošova, Ostrava - Moravská Ostrava",69,69 m²
2+kk,8600.0,"Poděbradova, Ostrava - Moravská Ostrava",53,53 m²
2+1,10750.0,"Komenského, Ostrava - Poruba",56,56 m²
4+1,15000.0,"Sokolská třída, Ostrava - Moravská Ostrava",76,76 m²
2+kk,14500.0,"Hany Kvapilové, Ostrava - Mariánské Hory",49,49 m²
1+kk,12990.0,"náměstí Václava Vacka, Ostrava - Poruba",29,29 m²
4+1,16850.0,"Gregorova, Ostrava - Moravská Ostrava",100,100 m²
3+kk,22500.0,"Hasičská, Ostrava - Hrabůvka",75,75 m²
3+1,11300.0,"Opavská, Ostrava - Poruba",98,98 m²
2+kk,9000.0,"Výhradní, Ostrava - Kunčičky",46,46 m²
2+kk,16000.0,"Nádražní, Ostrava - Moravská Ostrava",46,46 m²
3+kk,30000.0,"Na Prádle, Ostrava - Moravská Ostrava",77,77 m²
2+1,10650.0,"Svazácká, Ostrava - Zábřeh",50,50 m²
2+1,10950.0,"Zborovská, Ostrava - Moravská Ostrava",56,56 m²
1+1,8800.0,"Svazácká, Ostrava - Zábřeh",33,33 m²
3+kk,19500.0,"Škroupova, Ostrava - Moravská Ostrava",125,125 m²
2+kk,18000.0,"Jantarová, Ostrava - Moravská Ostrava",59,59 m²
3+1,12000.0,"Jana Maluchy, Ostrava - Dubina",73,73 m²
3+1,11950.0,"Matěje Kopeckého, Ostrava - Poruba",75,75 m²
2+1,9950.0,"Alšovo náměstí, Ostrava - Poruba",57,57 m²
2+kk,10100.0,"Komenského, Ostrava - Poruba",57,57 m²
3+1,22000.0,"Na Jánské, Ostrava - Slezská Ostrava",116,116 m²
2+1,7550.0,"Olešní, Ostrava - Muglinov",50,50 m²
3+1,11550.0,"17. listopadu, Ostrava - Poruba",73,73 m²
2+1,8900.0,"Gajdošova, Ostrava - Moravská Ostrava",59,59 m²
2+kk,14500.0,"Hany Kvapilové, Ostrava - Mariánské Hory",49,49 m²
1+1,9800.0,"Aviatiků, Ostrava - Hrabůvka",39,39 m²
1+1,8750.0,"Havlíčkovo náměstí, Ostrava - Poruba",39,39 m²
1+kk,11250.0,"Plzeňská, Ostrava - Zábřeh",23,23 m²
2+kk,11500.0,"Pavlovova, Ostrava - Zábřeh",47,47 m²
1+1,7800.0,"Tavičská, Ostrava - Vítkovice",38,38 m²
2+1,14500.0,"U Prodejny, Ostrava - Hrabůvka",55,55 m²
1+kk,9990.0,"30. dubna, Ostrava - Moravská Ostrava",28,28 m²
1+1,6000.0,"Palackého, Ostrava - Přívoz",41,41 m²
2+1,9200.0,"Slavíčkova, Ostrava - Moravská Ostrava",65,65 m²
2+1,9500.0,"Hudební, Ostrava - Mariánské Hory",39,39 m²
3+1,10600.0,"Opavská, Ostrava - Poruba",74,74 m²
4+1,9300.0,"Olešní, Ostrava - Muglinov",70,70 m²
2+1,9700.0,"Krasnoarmejců, Ostrava - Zábřeh",51,51 m²
2+kk,9000.0,"Matěje Kopeckého, Ostrava - Poruba",42,42 m²
4+kk,18000.0,Ostrava - Polanka nad Odrou,110,110 m²
2+1,13500.0,"Františka Formana, Ostrava - Dubina",60,60 m²
2+kk,12900.0,"Porubská, Ostrava - Poruba",47,47 m²
3+kk,15200.0,"Veleslavínova, Ostrava - Moravská Ostrava",80,80 m²
2+kk,13000.0,"Mitušova, Ostrava - Hrabůvka",36,36 m²
3+1,11950.0,"nábřeží Svazu protifašistických bojovníků, Ostrava - Poruba",80,80 m²
2+kk,14500.0,"Hany Kvapilové, Ostrava - Mariánské Hory",49,49 m²
3+1,10950.0,"Hlavní třída, Ostrava - Poruba",74,74 m²
2+kk,11800.0,"Československé armády, Ostrava - Michálkovice",55,55 m²
4+kk,46000.0,"K Šalomounu, Ostrava - Moravská Ostrava",99,99 m²
3+1,9350.0,"Olešní, Ostrava - Muglinov",60,60 m²
2+kk,12500.0,"Senovážná, Ostrava - Moravská Ostrava",37,37 m²
1+kk,12500.0,"Pivovarská, Ostrava - Moravská Ostrava",30,30 m²
2+1,12900.0,"Zborovská, Ostrava - Moravská Ostrava",88,88 m²
3+1,15000.0,"Sokolská třída, Ostrava - Moravská Ostrava a Přívoz",100,100 m²
2+kk,13000.0,"Zárubecká, Ostrava - Slezská Ostrava",51,51 m²
2+1,8900.0,"Bohumínská, Ostrava - Slezská Ostrava",45,45 m²
3+1,27000.0,"Zámostní, Ostrava - Slezská Ostrava",100,100 m²
2+1,30000.0,"Gajdošova, Ostrava - Moravská Ostrava",60,60 m²
2+1,30000.0,"Gajdošova, Ostrava - Moravská Ostrava",60,60 m²
2+kk,26000.0,"Chalupníkova, Ostrava - Zábřeh",49,49 m²
2+1,13920.0,"Bohumínská, Ostrava - Slezská Ostrava",54,54 m²
1+1,9772.0,"Bohumínská, Ostrava - Slezská Ostrava",34,34 m²
3+kk,23000.0,"Biskupská, Ostrava - Moravská Ostrava",87,87 m²
2+1,8650.0,"Výstavní, Ostrava - Mariánské Hory",61,61 m²
3+1,10500.0,"Čkalovova, Ostrava - Poruba",85,85 m²
2+1,9350.0,"Hornických učňů, Ostrava - Moravská Ostrava",54,54 m²
2+kk,14500.0,"Hany Kvapilové, Ostrava - Mariánské Hory",49,49 m²
1+1,9200.0,"Plzeňská, Ostrava - Zábřeh",45,45 m²
2+kk,11000.0,"Opavská, Ostrava",48,48 m²
2+kk,9050.0,"Nadační, Ostrava - Kunčičky",45,45 m²
3+1,10900.0,"náměstí Vítězslava Nováka, Ostrava - Poruba",77,77 m²
4+kk,38000.0,"Jantarová, Ostrava - Moravská Ostrava",90,90 m²
3+kk,18000.0,"Kostelní, Ostrava - Moravská Ostrava",90,90 m²
2+1,12000.0,"U Mateřské školy, Vratimov",58,58 m²
2+1,12000.0,"Na Široké, Ostrava - Moravská Ostrava",58,58 m²
3+1,10250.0,"U Hájenky, Ostrava - Slezská Ostrava",63,63 m²
3+kk,15000.0,"Sokolská třída, Ostrava - Moravská Ostrava a Přívoz",100,100 m²
1+kk,8603.0,"Plzeňská, Ostrava",27,27 m²
1+1,6000.0,"Mariánskohorská, Ostrava - Moravská Ostrava",37,37 m²
2+1,13000.0,"Horymírova, Ostrava - Zábřeh",44,44 m²
3+kk,22500.0,"Hasičská, Ostrava - Hrabůvka",75,75 m²
3+1,22500.0,"28. října, Ostrava - Moravská Ostrava",132,132 m²
3+kk,30000.0,Ostrava - Moravská Ostrava,77,77 m²
1+1,9200.0,"Plzeňská, Ostrava",45,45 m²
3+1,18000.0,"Přívozská, Ostrava - Moravská Ostrava",90,90 m²
3+kk,27000.0,"Josefa Brabce, Ostrava - Moravská Ostrava",75,75 m²
2+1,9900.0,"Cihelní, Ostrava - Moravská Ostrava",65,65 m²
2+kk,14500.0,"Hany Kvapilové, Ostrava - Mariánské Hory",49,49 m²
1+kk,7200.0,"Plzeňská, Ostrava",22,22 m²
,5400.0,"Koblovská, Ostrava - Koblov",8,8 m²
2+kk,8509.0,"Hulvácká, Ostrava - Zábřeh",43,43 m²
